{
	"Type": "Live2D Expression",
	"Parameters": [
		{
			"Id": "PARAM_EYE_L_OPEN",
			"Value": -0.25,
			"Blend": "Add"
		},
		{
			"Id": "PARAM_EYE_R_OPEN",
			"Value": -0.25,
			"Blend": "Add"
		},
		{
			"Id": "PARAM_BROW_L_Y",
			"Value": -0.31,
			"Blend": "Add"
		},
		{
			"Id": "PARAM_BROW_R_Y",
			"Value": -0.36,
			"Blend": "Add"
		},
		{
			"Id": "PARAM_BROW_L_ANGLE",
			"Value": 0.61,
			"Blend": "Add"
		},
		{
			"Id": "PARAM_BROW_R_ANGLE",
			"Value": 0.62,
			"Blend": "Add"
		},
		{
			"Id": "PARAM_BROW_L_FORM",
			"Value": -1,
			"Blend": "Add"
		},
		{
			"Id": "PARAM_BROW_R_FORM",
			"Value": -1,
			"Blend": "Add"
		},
		{
			"Id": "PARAM_MOUTH_FORM",
			"Value": -1.53,
			"Blend": "Add"
		},
		{
			"Id": "PARAM_MOUTH_OPEN_Y",
			"Value": 0,
			"Blend": "Add"
		}
	]
}